company_name,company_rating,remote,city,state,low_salary,high_salary,post_age_days
The Home Depot,3.7,1,Atlanta,GA,,,4
Home Depot / THD,3.7,1,Atlanta,GA,,,30+
Apex Systems,3.7,1,Des Moines,IA,,,12
Universal Music Group,4.1,1,,,,,30+
Home Depot / THD,3.7,1,Atlanta,GA,,,30+
Idaho National Laboratory,3.9,1,United State,,,,
Nike,4.1,1,Beaverton,OR,,,2
"NetWorks Group, Inc",,1,,,,,1
Softnice Inc.,4.0,1,,,,,6
PRICE WATERHOUSE COOPERS,4.0,1,United State,,80.6,102,30+
Georgia Tech,4.2,1,Atlanta,GA,,,29
Mainstream Technologies Inc,,1,Little Rock,AR,71.4,90.4,13
Rice University,4.1,1,Houston,TX,50.9,64.5,20
Unified Women's Healthcare,3.6,1,Florid,,41.2,52.2,5
CLS Bank International,2.8,1,Tysons Corner,VA,,,
Tiro Security,,1,,,,,30+
John Deere,4.0,1,Urbandale,IA,,,17
Vans,4.1,1,North Carolin,,,,7
Austin Independent School District,3.7,0,Austin,TX,68,86,21
Right Talents,,1,,,,,30+
Starbucks,3.9,2,United State,,,,6
Kairos Technologies,3.8,1,,,,,2
Capgemini,3.8,1,Texa,,77.9,98.7,1
Two Barrels,,1,,,,,30+
Netflix,3.9,1,,,120,152,2
NX1r LLC,,1,United State,,,,30+
ACLU - National Office,,1,New York,NY,,,12
Ledcor,3.7,1,Pflugerville,TX,68.3,86.5,22
"City of Round Rock, TX",3.7,0,Round Rock,TX,,,6
PC Services inc,,1,,,,,
Ledcor,3.7,1,Pflugerville,TX,68.3,86.5,22
"City of Round Rock, TX",3.7,0,Round Rock,TX,,,6
Cognizance Technologies,,1,,,,,6
Parsons,3.9,1,,,,,
Leander Independent School District,4.0,0,Leander,TX,,,3
Trapp Technology Inc,3.3,1,,,,,30+
Secureworks,3.6,1,Texa,,,,8
"Hashout Technologies, Inc.",,1,,,,,2
"Healthcare Systems and Technologies, LLC",,1,,,58.9,74.5,15
TikTok,3.3,0,Los Angeles,CA,,,30+
University of Texas at Austin,4.2,0,Austin,TX,,,5
Sysco,3.3,1,Houston,TX,,,
Office of the Governor,,0,Austin,TX,,,30+
Blue Cross Blue Shield of Massachusetts,4.0,1,Boston,MA,60.5,76.5,12
Piper Companies,4.5,1,,,,,
INVISTA,3.5,0,Wichita,KS,,,20
Business Intelli Solutions,3.6,1,,,,,1
Toyota,4.0,2,Plano,TX,,,22
Pinterest,4.2,1,,,,,14
Gen3 Technology Consulting LLC,,1,,,68.8,87.2,13
True Zero Technologies,,1,,,66.1,83.7,29
Workiva,4.2,1,Ames,IA,,,26
PayPal,3.9,0,Austin,TX,149,188,1
The Walt Disney Company (Corporate),4.1,0,Burbank,CA,104,131,13
WW International,,1,,,87,110,9
Alliance Credit Union,4.0,0,Lubbock,TX,,,30+
IBM,3.9,0,New York,NY,109,137,1
The DigiTrust Group,,1,Los Angeles,CA,84.5,107,30+
Movement Mortgage,3.5,1,Indian Land,SC,71.2,90.2,2
Texas State Technical College,4.0,0,Hutto,TX,,,30+
Informatica,3.9,1,Californi,,,,13
"Ward ENG Support Services, INC.",,1,,,,,5
Shriners Children's,,1,,,74.9,94.9,14
East Carolina University,4.3,0,,,56.2,71.2,20
U.S. Government,4.3,0,Carrollton,TX,,,1
TikTok,3.3,0,Mountain View,CA,102,129,30+
Parsons,3.9,0,,,89.2,113,21
Rapid7,3.8,0,Austin,TX,105,133,12
CareRev,4.0,1,,,85.8,109,30+
Amex,4.1,1,Phoenix,AZ,,,7
Relativity,3.3,1,,,70.4,89.2,5
LOCKHEED MARTIN CORPORATION,4.0,0,Fort Worth,TX,,,13
Praetorian,3.3,1,Austin,TX,,,21
Netflix,3.9,0,Los Gatos,CA,103,131,30+
Coast Community College District,3.8,0,Costa Mesa,CA,60.9,77.1,30+
Praetorian,3.3,1,Austin,TX,,,21
Netflix,3.9,0,Los Gatos,CA,103,131,30+
Tri-Starr Technology,,2,Overland Park,KS,,,9
Sophos,,1,United State,,65.7,83.3,6
Encore Theme,,0,Austin,TX,99.6,126,14
Zenotis Technologies INC,,1,,,,,7
National Security Agency,4.1,0,Fort Meade,MD,,,20
PRICE WATERHOUSE COOPERS,3.7,1,Los Angeles,CA,83.8,106,30+
TikTok,3.3,0,Austin,TX,104,131,30+
Threshold Brands,,1,Boston,MA,45,57,30+
GE Gas Power,3.9,1,Alabam,,88.7,112,30+
TikTok,3.3,0,Austin,TX,102,129,
AMERICAN CANCER SOCIETY,3.9,1,Austin,TX,,,30+
US National Institute of Standards and Technology,,1,Wallops Island,VA,,,3
"Excelgens, Inc",,1,,,,,7
Zenotis Technologies INC,,1,,,,,7
MUFG,3.4,1,Sacramento,CA,69.5,87.9,30+
Apple,4.1,0,Austin,TX,,,30+
Northrop Grumman,4.0,0,Fairfax,VA,,,30+
PRICE WATERHOUSE COOPERS,3.7,1,Los Angeles,CA,83.8,106,30+
TikTok,3.3,0,Austin,TX,104,131,30+
Threshold Brands,,1,Boston,MA,45,57,30+
GE Gas Power,3.9,1,Alabam,,88.7,112,30+
TikTok,3.3,0,Austin,TX,102,129,
"Excelgens, Inc",,1,,,,,7
AMERICAN CANCER SOCIETY,3.9,1,Austin,TX,,,30+
US National Institute of Standards and Technology,,1,Wallops Island,VA,,,3
Co-op Solutions,3.1,1,Austin,TX,112,142,14
"Evergreen Technologies, LLC.",,1,San Antonio,TX,63.1,79.9,12
Xiartech,,1,,,,,9
Meru Health,4.0,1,Boston,MA,67.3,85.3,8
Cobalt,3.5,1,Austin,TX,103,130,30+
Avista,4.2,1,,,,,6
RV Education Freelance Network,,1,New York,NY,68.5,86.7,30+
Fifth Third Bank,3.5,1,,,,,8
Dragonfli Group,,1,,,,,1
GEN Central,,1,,,,,8
VS-Staffing,,2,Austin,TX,,,30+
PRICE WATERHOUSE COOPERS,4.0,1,United State,,87,110,30+
US Centers for Medicare & Medicaid Services,4.0,1,Wallops Island,VA,,,8
HARPY IT SOLUTIONS,,0,,,77.2,97.8,30+
"Amazon Dev Center U.S., Inc.",3.5,0,Austin,TX,,,1
Baptist Health South Florida,4.1,1,Florid,,,,15
Samsung Austin Semiconductor,3.2,0,Austin,TX,93.1,118,22
VMware,4.1,1,Austin,TX,46.5,58.9,14
Baptist Health South Florida,4.1,1,Florida+2 location,,,,15
Samsung Austin Semiconductor,3.2,0,Austin,TX,93.1,118,22
b1BANK,3.3,1,Louisiana+2 location,,61.6,78,30+
RSI Security,3.7,1,,,,,8
Victoria's Secret,3.7,1,Columbus,OH,,,12
Assa Abloy,3.5,1,Austin,TX,,,30+
Vanguard,3.7,1,,,96.5,122,30+
CACI,3.8,1,Virginia+27 location,,,,12
US Military Treatment Facilities under DHA,,0,San Antonio,TX,,,1
TARGET,3.6,1,Brooklyn Park,MN,,,30+
CrowdStrike,3.3,1,,,,,30+
Black Belt Security,,1,,,89.5,113,2
KPMG,3.9,1,Austin,TX,96.7,122,12
Digital Maelstrom,,1,,,60.9,77.1,17
"Practical Solutions, Inc.",,1,,,,,6
Homeward,3.6,1,Austin,TX,,,15
Legato Security,,2,Salt Lake City,UT,67.5,85.5,30+
Ascend Technologies,4.0,1,,,69,87.4,30+
CrowdStrike,3.3,1,,,,,14
Loews Hotels,4.0,1,,,,,9
Synack SRT,,1,Washington,DC,94,119,30+
Lululemon,4.2,1,,,,,5
VCU Health System,4.1,1,Richmond,VA,,,5
Williamson County,2.9,0,Georgetown,TX,,,30
AZ Cyber Security Solutions,,1,,,70.3,89.1,3
Adobe,4.3,0,San Jose,CA,125,159,
Skanska,4.1,1,Houston,TX,88.8,112,30+
Purple Drive Technologies,,0,Austin,TX,,,15
K logix,,1,,,,,
LHM Management Corp,,2,Sandy,UT,,,2
Nozomi Networks,,1,Boston,MA,88.3,112,30+
Phasorsoft LLC,,1,,,,,19
Procter & Gamble,4.1,0,Cincinnati,OH,95.2,121,30+
Freddie Mac,3.8,1,McLean,VA,113,143,30+
University of Texas at Austin,4.2,3,Austin,TX,,,30+
HARPY IT SOLUTIONS,,0,,,72.4,91.6,30+
American Homes 4 Rent,2.9,1,Las Vegas,NV,,,27
Nike,4.1,1,Beaverton,OR,,,6
Purple Drive Technologies,,0,Austin,TX,,,3
Lower Colorado River Authority,3.7,0,Austin,TX,,,14
SYSUSA INC,,1,,,94.3,119,2
Right Talents,,1,,,,,30+
HELM,4.0,1,,,,,7
Lucid Technologies,,1,,,105,133,1
GE Corporate,4.0,1,,,,,2
Wis Phys Svc Ins Corp,,1,Wisconsi,,91.9,116,22
Toyota,4.0,2,Plano,TX,,,7
TARGET,3.6,1,Brooklyn Park,MN,,,30+
"Hottinger, Bruel & Kjaer",,1,Massachusett,,80.3,102,30+
Nike,4.1,1,Beaverton,OR,,,22
Electronic Arts,3.8,0,Austin,TX,,,30+
Braintrust,4.5,1,San Francisco,CA,,,30+
Trinity Health,3.2,1,Livonia,MI,,,1
BranCore Technologies,4.3,0,Richmond,VA,,,
ChuwaAmerica,,0,Austin,TX,,,2
Parsons,3.9,1,,,,,1
ConocoPhillips,4.1,0,Houston,TX,68.8,87.2,30+
General Motors,4.0,2,Austin,TX,,,7
Think|Stack,,1,,,,,3
University of Louisiana at Monroe,4.3,2,Monroe,LA,,,
Parsons,3.9,1,,,,,1
ConocoPhillips,4.1,0,Houston,TX,68.8,87.2,30+
University of Louisiana at Monroe,4.3,2,Monroe,LA,,,
General Motors,4.0,2,Austin,TX,,,7
Think|Stack,,1,,,,,3
eHealth,3.3,1,,,86.1,109,6
Leggett & Platt,3.5,1,,,69.9,88.5,10
BMO Harris Bank,3.5,1,Florid,,97.8,124,30+
U.S. Army Cyber Command,4.3,3,Fort Sill,OK,,,1
TotalCyber Consulting,,1,,,,,16
Ballad Health,3.0,2,Johnson City,TN,62,78.4,30+
ACA Track,,1,,,,,1
Fujitsu,3.6,2,Richardson,TX,82.4,104,8
Purple Drive Technologies,,0,Austin,TX,112,142,12
BOEING,3.9,0,Seattle,WA,68,86,21
Leggett & Platt,3.5,1,,,69.9,88.5,10
BMO Harris Bank,3.5,1,Florid,,97.8,124,30+
U.S. Army Cyber Command,4.3,3,Fort Sill,OK,,,1
TotalCyber Consulting,,1,,,,,16
Ballad Health,3.0,2,Johnson City,TN,62,78.4,30+
ACA Track,,1,,,,,1
BOEING,3.9,0,Seattle,WA,68,86,21
Fujitsu,3.6,2,Richardson,TX,82.4,104,8
Purple Drive Technologies,,0,Austin,TX,112,142,12
Bank of America,3.8,0,Washington,DC,97.3,123,30
Fifth Third Bank,3.5,1,,,,,30+
Inspira,,0,,,,,30+
Nine Mind Solutions,,0,Pensacola,FL,,,8
GEICO,3.3,1,Chevy Chase,MD,,,30+
"Amazon Dev Center U.S., Inc.",3.5,0,Austin,TX,,,13
South West,4.3,0,Dallas,TX,84.6,107,3
SparkCognition,4.4,1,Austin,TX,99.9,126,30+
BRS,3.6,0,El Paso,TX,64,81,8
Two Barrels,,1,,,,,30+
Motorola Solutions,4.1,0,San Antonio,TX,63.2,80,7
"Center for Internet Security, Inc.",4.8,1,United State,,64.3,81.5,30+
Pinterest,4.2,1,,,,,30+
Aon,3.7,1,Seattle,WA,113,143,30+
Bell Textron Inc.,3.9,0,Fort Worth,TX,,,21
Deloitte,3.9,2,Austin,TX,79.2,100,30+
TorchLight,,1,,,,,11
Formac,,1,Austin,TX,,,21
 Delgado Community College,4.0,0,New Orleans,LA,64.6,81.8,30+
MUFG,3.4,1,Richmond,VA,164,208,30+
Federal Bureau of Investigation,4.3,0,Washington,DC,,,7
Lowe's,3.5,0,Charlotte,NC,,,9
"Ellumen, Inc",3.5,1,Silver Spring,MD,90.4,114,28
Cyber Edge Security,,0,Washington,DC,,,2
creamitinc,,1,,,,,8
GP Strategies Corporation,3.3,1,,,73.2,92.6,6
Information Sciences Consulting Inc,,1,Manassas,VA,93.9,119,30+
Anitian,,1,Beaverton,OR,80.4,102,20
Bridgehead IT,4.5,0,San Antonio,TX,80.8,102,5
Care Access Research,3.8,0,Austin,TX,,,10
Magna5 MS LLC,,1,,,60.9,77.1,13
Amex,4.1,0,,,,,30+
Coretelligent,4.1,1,,,,,1
Bank of America,3.8,0,Washington,DC,99,125,27
"Dovel Technologies, LLC",,1,Washington,DC,102,130,7
Rexel USA,3.5,1,,,84.4,107,
Amex,4.1,0,,,,,30+
Coretelligent,4.1,1,,,,,1
Rexel USA,3.5,1,,,84.4,107,
Bank of America,3.8,0,Washington,DC,99,125,27
"Dovel Technologies, LLC",,1,Washington,DC,102,130,7
Salesforce,4.4,1,Colorad,,,,
University of Oklahoma,4.2,1,Norman,OK,,,30+
Core BTS,,1,,,,,2
Donnelley Financial Solutions,3.0,0,,,84.8,107,13
Morgan Stanley,3.8,0,Alpharetta,GA,,,7
Boston Medical Center,3.8,1,,,,,9
US Immigration and Customs Enforcement,3.6,1,Albuquerque,NM,,,30+
Barbaricum,3.6,0,San Antonio,TX,104,131,8
Camden National Bank,3.5,1,Portland,ME,66.1,83.7,30+
Con,,0,Austin,TX,,,20
Morgan Stanley,3.8,0,Alpharetta,GA,,,7
Boston Medical Center,3.8,1,,,,,9
US Immigration and Customs Enforcement,3.6,1,Albuquerque,NM,,,30+
Con,,0,Austin,TX,,,20
Barbaricum,3.6,0,San Antonio,TX,104,131,8
Camden National Bank,3.5,1,Portland,ME,66.1,83.7,30+
"Amazon Web Services, Inc.",3.4,0,,,,,8
Vericast,3.6,1,San Antonio,TX,,,14
Signifyd,4.1,1,San Jose,CA,,,6
SFORCE IT,,0,Plano,TX,,,2
Pomeroy,3.2,1,,,,,2
KACE,3.0,0,Tysons Corner,VA,,,7
Veterans Enterprise Technology Solutions,3.3,1,Washington,DC,113,143,7
Deloitte,3.9,2,Austin,TX,93.1,118,1
recruitAbility,,0,Austin,TX,107,136,1
Safeway,3.4,1,Pleasanton,CA,,,5
Earnin,,1,Palo Alto,CA,123,155,14
"University of California, Riverside",4.3,0,Riverside,CA,,,30+
Leidos,3.7,1,,,,,2
Horizon Blue Cross Blue Shield of New Jersey,3.8,1,Wall,NJ,106,134,30+
Cisco Systems,4.1,1,San Jose,CA,,,30+
Set Solutions,4.6,1,,,,,2
Shutterfly,3.6,1,,,,,
BDO,3.6,0,Minneapolis,MN,62,78.6,30+
Baptist Health South Florida,4.1,1,Coral Gables,FL,,,30+
Global IT,4.1,1,Bethesda,MD,,,2
Milliman,3.6,1,Brookfield,WI,,,21
BOEING,3.9,0,Seattle,WA,,,15
HealthEquity,3.7,1,,,50.6,64,19
Ascent Technologies,3.8,0,Austin,TX,,,2
Baptist Health South Florida,4.1,1,Coral Gables,FL,,,30+
Global IT,4.1,1,Bethesda,MD,,,2
Milliman,3.6,1,Brookfield,WI,,,21
Ascent Technologies,3.8,0,Austin,TX,,,2
BOEING,3.9,0,Seattle,WA,,,15
HealthEquity,3.7,1,,,50.6,64,19
BAE Systems,3.8,2,Fort Worth,TX,,,14
Octagon iT LLC,,1,,,,,12
Tiro Security,,1,,,,,30+
Mandiant,3.5,1,Austin,TX,69.7,88.3,21
The Larry H. Miller Company,,2,Sandy,UT,,,2
Steward Health Care,2.7,1,,,,,30+
InterImage,3.6,0,San Antonio,TX,,,13
UT Southwestern,3.8,0,Dallas,TX,,,20
National Western Life,3.8,0,Austin,TX,82.9,105,30
Amazon.com Services LLC,3.5,0,Austin,TX,,,30+
"Amazon Dev Center U.S., Inc.",3.5,0,Austin,TX,,,13
TARGET,3.6,0,Brooklyn Park,MN,82.5,104,30+
Las Vegas Sands Corp.,3.4,0,Las Vegas,NV,67.9,85.9,30+
JWTECHS INC,,1,,,,,1
Salesforce,4.4,0,Dallas,TX,,,
Froedtert,3.7,1,,,,,30+
Infinity Quest,,1,,,117,149,2
Quarterra Group,3.3,1,,,,,30+
Home Depot / THD,3.7,0,Atlanta,GA,,,15
OneMain Financial,3.2,1,Wilmington,DE,,,
Realign LLC,,1,New York,NY,95,120,30+
Two Barrels,,1,,,,,30+
VerSprite,,1,Atlanta,GA,61.3,77.7,6
Imply,,1,Burlingame,CA,130,165,
Check Point Software Technologies Ltd.,3.6,1,Dallas,TX,81.1,103,2
Trisept Solutions,4.0,1,Boston,MA,,,6
Decypher,3.5,1,,,53.2,67.4,19
Binary Defense,3.3,1,,,86.4,109,9
Okta,4.0,1,San Francisco,CA,,,30+
Xplor,4.3,1,Dallas,TX,,,6
ImagineSoftware,,0,,,72.1,91.3,30+
IBM,3.9,0,Boulder,CO,,,26
Trinity Cyber LLC,,1,,,77.9,98.7,2
Accenture,4.0,0,Arlington,VA,,,2
VMware,4.1,1,Austin,TX,105,134,12
United States Senate,4.4,0,Washington,DC,54.6,69.2,12
Reddit,4.0,1,Austin,TX,123,156,30+
Inspire Brands,2.8,1,Atlanta,GA,80.1,101,28
SOSi,3.6,0,,,84.9,108,13
SomethingCool.com,,0,,,58.2,73.6,30+
Planned Parenthood Federation of America,3.6,3,United State,,,,30+
Optum,3.4,1,Eden Prairie,MN,,,5
DSMH LLC,,1,,,,,6
TikTok,3.3,0,Nashville,TN,66.2,83.8,30+
kastech software solutions,,1,,,113,142,9
TikTok,3.3,0,Austin,TX,75.7,95.9,30+
GE Healthcare,3.9,1,Wisconsin+1 locatio,,,,
City of Pflugerville,3.8,0,Pflugerville,TX,,,30+
Bell Textron Inc.,3.9,0,Fort Worth,TX,,,
GE Corporate,4.0,1,,,,,22
Cobalt,3.5,1,San Francisco,CA,106,134,30+
PayPal,3.9,0,Austin,TX,113,143,30+
LightForce Ortho,,1,,,,,30+
"Digital Axis, LLC",,1,,,86.1,109,13
GE Healthcare,3.9,1,Wisconsi,,,,
City of Pflugerville,3.8,0,Pflugerville,TX,,,30+
Bell Textron Inc.,3.9,0,Fort Worth,TX,,,
GE Corporate,4.0,1,,,,,22
Cobalt,3.5,1,San Francisco,CA,106,134,30+
"Digital Axis, LLC",,1,,,86.1,109,13
PayPal,3.9,0,Austin,TX,113,143,30+
LightForce Ortho,,1,,,,,30+
Real Time Technologies Inc,,0,Tampa,FL,59.6,75.4,22
iVision,3.9,1,,,90.6,115,30+
ITI Solutions,5.0,0,San Antonio,TX,90.2,114,
Aerovine,,1,,,71.2,90.2,3
"City of Houston, TX",3.7,0,,,,,27
SOLERITY,,1,,,,,8
VMware,4.1,1,Oklahoma City,OK,46,58.2,14
ITI Solutions,5.0,0,San Antonio,TX,90.2,114,
Aerovine,,1,,,71.2,90.2,3
VMware,4.1,1,Oklahoma City,OK,46,58.2,14
"City of Houston, TX",3.7,0,,,,,27
SOLERITY,,1,,,,,8
Mastercard,4.0,0,Purchase,NY,,,9
"East River Electric Power Cooperative, Inc.",,0,Madison,SD,,,
US Naval Air Systems Command,4.3,0,Orlando,FL,,,30+
Entech Consulting LLC,3.0,0,Austin,TX,,,3
Purple Drive Technologies,,0,Austin,TX,,,26
Northrop Grumman,4.0,0,San Diego,CA,,,30+
AOI Today,,1,,,,,2
"Pomeroy Technologies, LLC.",2.5,1,,,,,30+
UTHealth Houston,3.9,0,Houston,TX,,,13
Addx Corporation,3.5,1,,,110,139,30+
UTHealth Houston,3.9,0,Houston,TX,,,13
Workiva,4.2,1,,,87.4,111,
Geniqom Technologies,,1,,,,,1
Forge Institute,,0,Little Rock,AR,,,2
Mississippi Department of Information Technology...,3.8,0,Jackson,MS,,,2
KesarWeb,,1,Philadelphia,PA,,,
BNSF,3.3,0,Fort Worth,TX,,,12
Cyber Resource,,2,,,,,1
Country Bank for Savings,,0,Ware,MA,,,30+
Adobe,4.3,0,San Jose,CA,106,135,
Archon Resources,,1,Fort Worth,TX,,,3
Amazon,3.5,1,,,,,2
Mattermost,,1,,,94.6,120,12
Napakiak Corporation,,1,,,78.3,99.1,1
Amazon,3.5,1,,,,,1
Amazon,3.5,1,,,,,1
Mattermost,,1,,,94.6,120,12
Napakiak Corporation,,1,,,78.3,99.1,1
CommutAir,2.6,0,Houston,TX,66.2,83.8,7
Appriss,3.3,1,,,84.4,107,30+
"Kyndryl, Inc.",3.6,0,Austin,TX,,,
"City of Conway, Arkansas",,0,Conway,AR,,,30+
"OIL STATES INTERNATIONAL, INC.",3.4,1,Houston,TX,77.6,98.2,30+
Amazon.com Services LLC,3.5,0,Austin,TX,,,30+
New Mexico State University,4.2,0,,,,,1
GEICO,3.3,1,Chevy Chase,MD,,,1
State Street,3.5,1,Kansas City,MO,70,88.6,2
Cyber Resource,,1,,,,,2
El Paso Electric,4.1,2,El Paso,TX,,,19
HKA Enterprises,4.0,0,Seneca,SC,,,5
ACLU,4.3,0,New York,NY,,,30+
Aon,3.7,2,Dallas,TX,71,89.8,13
Apria Healthcare,3.1,1,,,,,30+
L3Harris Technologies,3.7,0,Melbourne,FL,,,30+
US Department of Energy - Agency Wide,,1,Idaho Falls,ID,,,30+
CareStream Dental,3.1,1,,,,,1
Deloitte,3.9,2,Austin,TX,91.9,116,30+
Yuma Regional Medical Center,3.7,0,,,,,1
Parsons,3.9,1,,,,,1
Gainwell Technologies LLC,2.6,0,,,,,30+
Realign LLC,,1,Californi,,112,142,
Cloudskope,,0,Austin,TX,149,189,30+
Home Depot / THD,3.7,1,Morrisville,NC,,,30+
Meta,4.1,1,,,157,199,23
"TTI, Inc.",3.5,1,Fort Worth,TX,75.4,95.4,30+
CareStream Dental,3.1,1,,,,,1
Yuma Regional Medical Center,3.7,0,,,,,1
Parsons,3.9,1,,,,,1
Gainwell Technologies LLC,2.6,0,,,,,30+
Realign LLC,,1,Californi,,112,142,
Cloudskope,,0,Austin,TX,149,189,30+
"TTI, Inc.",3.5,1,Fort Worth,TX,75.4,95.4,30+
Meta,4.1,1,,,157,199,23
Lawrence Livermore National Laboratory,4.2,0,Livermore,CA,,,2
DirectDefense,,0,Denver,CO,,,22
Memorial Medical Center,,1,Ashland,WI,63.6,80.6,30+
LOCKHEED MARTIN CORPORATION,4.0,0,Colorado Springs,CO,,,21
Veear Projects Inc.,,1,,,,,2
Wells Fargo,3.7,0,Chandler,AZ,,,4
General Assembly,4.2,1,New York,NY,66.1,83.7,14
Parsons,3.9,1,,,,,
"JPMorgan Chase Bank, N.A.",3.8,0,Plano,TX,,,29
Cisco Systems,4.1,1,Austin,TX,,,7
Apple,4.1,0,Elk Grove,CA,,,30+
Vita Tech Inc,,1,,,,,4
Technatomy Corporation,3.4,1,Fairfax,VA,94.7,120,1
Talent tigers,,2,Irving,TX,,,
"Resource Management Concepts, Inc.",4.3,0,,,92.3,117,30+
Oracle,3.8,0,,,,,8
Rice University,4.1,0,Houston,TX,45.4,57.4,30+
Blizzard Entertainment,3.9,0,Santa Monica,CA,87.1,110,24
X2Logics,,1,,,,,30+
Cedar Park Regional Medical Center,3.0,0,Cedar Park,TX,,,6
Fifth Third Bank,3.5,1,,,,,7
"CGI Group, Inc.",3.6,0,Fairfax,VA,,,7
Cisco Systems,4.1,1,Austin,TX,,,7
Apple,4.1,0,Elk Grove,CA,,,30+
Vita Tech Inc,,1,,,,,4
Technatomy Corporation,3.4,1,Fairfax,VA,94.7,120,1
Talent tigers,,2,Irving,TX,,,
"Resource Management Concepts, Inc.",4.3,0,,,92.3,117,30+
Oracle,3.8,0,,,,,8
Rice University,4.1,0,Houston,TX,45.4,57.4,30+
Asset Staffing,3.6,0,Jacksonville,FL,,,
Blizzard Entertainment,3.9,0,Santa Monica,CA,87.1,110,24
X2Logics,,1,,,,,30+
Deloitte,3.9,0,Norfolk,VA,127,161,30+
Fifth Third Bank,3.5,1,,,,,7
"JPMorgan Chase Bank, N.A.",3.8,0,New York,NY,,,30
Cedar Park Regional Medical Center,3.0,0,Cedar Park,TX,,,6
ARK Solutions,4.3,1,Atlanta,GA,82,104,30+
Major League Baseball,4.2,1,New York,NY,107,136,30+
Atlassian,4.4,0,Mountain View,CA,105,133,14
BOEING,3.9,0,Kent,WA,,,15
USDM Life Sciences,3.6,1,,,94.5,120,30+
Parsons,3.9,1,,,,,1
Trane Technologies,3.1,1,Davidson,NC,,,23
CommandLink,3.8,1,,,,,9
RightTalents LLC,,0,New York,NY,,,6
CVS Health,3.2,0,,,,,19
Fanatics Inc.,3.6,1,,,70.1,88.7,16
Cyber Advisors,2.2,1,,,,,7
NDK Cyber,,0,New York,NY,,,2
Sath Inc.,,0,,,82.4,104,30+
Bank of America,3.8,0,Washington,DC,,,30
CVS Health,3.2,0,,,,,19
Fanatics Inc.,3.6,1,,,70.1,88.7,16
Cyber Advisors,2.2,1,,,,,7
Bank of America,3.8,0,Washington,DC,,,30
NDK Cyber,,0,New York,NY,,,2
Sath Inc.,,0,,,82.4,104,30+
Cambridge College of Healthcare & Technology,,1,,,,,3
Deloitte,3.9,2,Austin,TX,101,128,7
Dawn Foods,3.5,1,Jackson,MI,,,2
Change Healthcare,3.0,1,Texas+96 location,,,,5
MARS Solutions Group,4.3,1,,,,,1
BetterUp,3.8,1,Austin,TX,112,141,30+
Microsoft,4.2,0,Redmond,WA,,,
Bank of America,3.8,0,Addison,TX,,,30+
ODP Corporation,,1,Austin,TX,151,191,30+
Tech Army,,1,Tallahassee,FL,71.9,91.1,4
Formac,,0,Austin,TX,,,14
Realign LLC,,1,Californi,,114,144,2
NVE Inc,3.7,1,Washington,DC,82.4,104,30+
Hart InterCivic Inc.,,0,Austin,TX,38.9,49.3,29
helm,4.0,1,,,59.1,74.9,1
Pinterest,4.2,1,,,,,20
US Renal Care,3.1,1,,,102,129,30+
Blackhawk Network,3.5,1,,,68,86.2,30+
Cradlepoint,3.0,1,Boise,ID,75.6,95.8,8
MedAvail/SpotRx,,1,,,,,30+
"JPMorgan Chase Bank, N.A.",3.8,0,Tempe,AZ,,,4
TikTok,3.3,0,Washington,DC,57.9,73.3,30+
Fort Pierce Utilities Authority,3.4,0,Fort Pierce,FL,,,30+
Triaxiom Security,,1,,,,,1
Cradlepoint,3.0,1,Boise,ID,75.6,95.8,8
MedAvail/SpotRx,,1,,,,,30+
"JPMorgan Chase Bank, N.A.",3.8,0,Tempe,AZ,,,4
Triaxiom Security,,1,,,,,1
TikTok,3.3,0,Washington,DC,57.9,73.3,30+
Fort Pierce Utilities Authority,3.4,0,Fort Pierce,FL,,,30+
AGCO,3.8,1,Duluth,GA,,,13
Bank of America,3.8,0,Washington,DC,101,128,21
"City of Houston, TX",3.7,0,,,,,27
Keysight Technologies,3.9,1,Texa,,,,
"Amazon Web Services, Inc.",3.4,0,Austin,TX,,,30+
Apple Leisure Group,3.1,1,Boston,MA,,,5
Deutsche Bank,3.8,0,Jacksonville,FL,95.2,121,30+
Northrop Grumman,4.0,0,Fairfax,VA,,,30+
Papaya Global,,0,Austin,TX,87.3,111,30+
Papaya Global,,0,Austin,TX,87.3,111,30+
Deutsche Bank,3.8,0,Jacksonville,FL,95.2,121,30+
"Amazon Web Services, Inc.",3.4,1,,,,,14
Verizon,3.9,0,Richardson,TX,,,7
University of California Office of the President,4.1,1,Riverside,CA,,,30+
Barbaricum,3.6,0,San Antonio,TX,99,125,2
Braintrust,4.5,1,San Francisco,CA,,,9
hiyamee,,1,,,,,1
Ex Libris,2.5,1,Boston,MA,65.1,82.5,19
University Health,3.8,0,San Antonio,TX,83.3,105,21
Manufacturers Bank,3.6,1,Los Angeles,CA,108,137,9
Systems Limited,4.0,1,,,,,3
Mastercard,4.0,0,New York,NY,,,6
Cambium Learning Group,3.1,1,,,68.7,86.9,2
Edwards Performance Solutions,4.4,0,Baltimore,MD,78.7,99.7,30+
Middesk,,1,Californi,,106,134,30+
Critical Start,3.7,0,Plano,TX,76.9,97.3,21
"Deltek, Inc.",4.0,1,,,76.2,96.4,
Arcfield,,1,Chantilly,VA,,,30+
APPIAN WAY ADVISORY SERVICES,,1,,,,,30+
Bankers Healthcare Group,4.2,1,,,82.4,104,2
Cargill,3.8,1,Hopkins,MN,,,30+
Thales,3.9,1,Austin,TX,87.1,110,30+
Confluent,3.5,1,Mountain View,CA,119,151,30+
Elevate Government Solutions,,1,Washington,DC,,,9
Huntington Bank,3.5,1,Ohi,,,,15
Freddie Mac,3.8,1,McLean,VA,162,206,30+
FedEx Services,3.8,0,Plano,TX,,,1
UT Health Science Center at San Antonio,3.6,0,San Antonio,TX,,,30+
Sophos,,1,United State,,56.2,71.2,2
spar information systems,4.3,1,,,,,3
HARPY IT SOLUTIONS,,0,,,71.9,91.1,30+
LOCKHEED MARTIN CORPORATION,4.0,0,Bethesda,MD,,,21
Microsoft,4.2,0,Austin,TX,,,30
"EMW, Inc.",,0,Corpus Christi,TX,,,26
PPL Corporation,3.5,1,,,81.8,104,30
Intermountain Healthcare,3.7,1,West Valley City,UT,,,8
Accumen,1.5,0,Louisville,KY,77.3,97.9,30+
Apple,4.1,0,Seattle,WA,,,27
Truist Financial,3.6,1,Atlanta,GA,68.7,87.1,1
StockX,3.7,1,Detroit,MI,90,114,30+
ARDX,2.7,1,,,95.8,121,12
Kani Solutions,,0,Columbus,MS,,,2
CareFirst BlueCross BlueShield,3.9,0,Washington,DC,121,153,30+
Lynker Technologies LLC,4.2,1,,,,,30+
HP,3.9,2,Austin,TX,127,161,30+
IBM,3.9,0,Chicago,IL,,,6
Berkshire Bank,3.0,1,United State,,52.4,66.4,15
Nike,4.1,1,Atlanta,GA,,,30+
Gemline,4.2,0,Lawrence,MA,,,2
Comcast,3.7,0,Philadelphia,PA,,,8
Sodexo,3.7,0,Gaithersburg,MD,,,21
VMware,4.1,1,Austin,TX,66.7,84.5,29
Major League Baseball,4.2,0,New York,NY,81.7,103,30+
Optum,3.4,1,Eden Prairie,MN,,,2
Nexlogica,,1,,,,,2
Iterable,,1,San Francisco,CA,,,30+
SAVA,3.5,0,Newington,VA,98.2,124,30+
Citi,3.9,0,Irving,TX,,,30+
RocketCyber,,0,Miami,FL,70.7,89.5,30+
SAVA,3.5,0,Newington,VA,98.2,124,30+
Citi,3.9,0,Irving,TX,,,30+
Stafford Gray LLC,,1,,,,,2
State of Minnesota,3.5,0,Saint Paul,MN,,,2
SYSUSA,,1,,,83.3,105,2
Trustmark,3.1,1,,,89.4,113,30+
Fifth Third Bank,3.5,1,,,,,30+
9th Way Insignia,4.7,1,,,88.3,112,30+
Grant Thornton,3.7,0,Dallas,TX,72.2,91.4,30+
Inova Health System,3.7,0,,,,,30+
Barbaricum,3.6,0,San Antonio,TX,99.7,126,6
"Mastery Logistics Systems, Inc.",,1,,,101,127,30+
Enabling Technologies,,1,,,,,8
LT Technology Services,4.0,0,,,106,135,5
"Criterion Systems, Inc.",,1,Washington,DC,108,136,26
LT Technology Services,4.0,0,,,106,135,5
Prescient Edge Federal,3.8,0,Washington,DC,65.4,82.8,30+
CVS Health,3.2,0,,,,,8
Bright Health,2.1,1,Austin,TX,73.8,93.4,30+
GE Corporate,4.0,1,New York,NY,,,30+
HelpSystems,4.0,0,Houston,TX,88.9,113,21
Samsara,4.3,1,San Francisco,CA,117,148,30+
MD Anderson Cancer Center,4.1,1,Houston,TX,,,9
ActiveNav,,0,Reston,VA,61.4,77.8,30+
Parker Hannifin Corporation,3.7,2,Cleveland,OH,,,30+
Capital One,3.9,1,Richmond,VA,125,158,3
University of Arizona Global Campus,4.3,1,,,,,30+
Synchronoss Technologies,3.4,1,,,71,90,26
LOCKHEED MARTIN CORPORATION,4.0,0,Fort Worth,TX,,,30+
Proofpoint,3.6,1,Sunnyvale,CA,103,130,30+
Fortress Information Security,4.3,1,Orlando,FL,,,26
State of Louisiana,3.4,0,Baton Rouge,LA,,,
Buchanan & Edwards,4.1,1,,,80,101,14
LWCC,3.9,0,Baton Rouge,LA,65.9,83.5,22
Dana-Farber Cancer Institute,4.1,1,Boston,MA,88.4,112,30+
Marvel Entertainment,4.0,0,New York,NY,88.1,112,30
Leaf Group,3.5,1,,,73.3,92.9,30+
VMware,4.1,1,Austin,TX,97.2,123,21
J.S. Held,3.0,1,Houston,TX,78.7,99.7,30+
Northrop Grumman,4.0,0,,,,,30+
LogRocket,,1,Boston,MA,100,127,30+
The Walt Disney Company (Corporate),4.1,0,Lake Buena Vista,FL,116,147,30+
Macquarie Group Limited,3.8,0,Houston,TX,,,30+
Commfinity Technologies,,1,,,,,1
Victoria's Secret,3.7,1,Columbus,OH,,,1
Victoria's Secret,3.7,1,Columbus,OH,,,1
Macquarie Group Limited,3.8,0,Houston,TX,,,30+
Commfinity Technologies,,1,,,,,1
MetaSource,2.7,1,United State,,,,1
HEB,4.2,0,San Antonio,TX,,,30+
Reddit,4.0,1,Austin,TX,118,149,30+
Invictus Associates,,0,Norfolk,VA,84.3,107,30+
CVS Health,3.2,1,Connecticu,,,,8
"General Dynamics Mission Systems, Inc",3.7,1,,,,,22
x2logicsstaffingsolution.com,,0,Austin,TX,,,1
Verizon,3.9,0,Richardson,TX,,,20
"Nationwide IT Services, Inc",3.8,1,,,,,30+
R4 Solutions,2.2,0,Cupertino,CA,98.1,124,30+
Kina'ole Foundation,,0,Hagåtña,GU,97,123,5
"General Dynamics Mission Systems, Inc",3.7,1,Pittsfield,MA,,,30+
Coca-Cola Southwest Beverages,3.0,0,Dallas,TX,,,23
Glassdoor,4.1,0,San Francisco,CA,,,15
Cigna,3.7,0,Hartford,CT,,,30
Step Up For Students,3.7,1,,,,,7
Digital iTechnology,,0,Austin,TX,,,8
Federal Reserve Bank of Richmond,3.5,1,,,,,30+
CustomInk,3.3,1,Dallas,TX,,,30+
Toyota,4.0,2,Plano,TX,,,30+
iQuasar LLC,,1,,,,,3
"INFOMATICS, INC.",,1,,,,,2
"Amazon Dev Center U.S., Inc.",3.5,0,Arlington,VA,,,30+
Lucid Motors,3.1,0,Newark,CA,128,162,5
San Francisco State University,4.2,2,San Francisco,CA,,,1
Palo Alto Networks,3.9,1,Austin,TX,,,1
Accenture,4.0,1,Austin,TX,,,19
Sabre,3.7,1,Southlake,TX,,,
Crown Castle USA Inc.,3.7,0,Houston,TX,72.7,92.1,30+
Titan Technologies,3.1,0,Destin,FL,62.6,79.2,30+
SK Battery America,2.6,0,,,49.3,62.5,30+
General Dynamics Information Technology,3.7,1,,,108,137,30+
Brilliant Infotech,,1,,,101,128,1
UNFI,2.9,0,Eden Prairie,MN,,,27
"Knightscope, Inc.",,1,Charlotte,NC,86.6,110,30+
MelkoTech,,1,,,94.9,120,30+
Nintendo of America Inc.,4.0,0,Redmond,WA,104,131,30+
Wealthy homes,,1,,,,,7
Ancora Education,2.5,1,United State,,,,2
Shell Recharge Solutions,,1,,,85.2,108,1
CannonDesign,4.0,1,Houston,TX,,,30+
Kellogg Company,3.6,1,Naperville,IL,,,9
Bay Area Rapid Transit,3.8,0,Oakland,CA,,,30+
U.S. Department of State,4.2,2,Washington,DC,,,8
MartinFed,,0,Houston,TX,76.7,97.1,30+
Office for Admin and Finance (ANF1000),3.8,0,Boston,MA,,,30+
Syniverse,3.0,1,,,105,133,8
Humanity,4.2,1,Newcastle,WA,86.6,110,13
Aptive,3.6,1,,,,,19
"Amazon Web Services, Inc.",3.4,0,Austin,TX,,,30+
The Mom Project,3.3,1,,,,,23
Advance Infotech,,1,,,,,5
Federal Reserve Bank of Philadelphia,4.2,1,,,72.6,92,12
State Street,3.5,0,Phoenix,AZ,74.5,94.3,30+
MGM Resorts International,3.9,0,,,,,22
Florida Blue,3.9,1,,,91.3,116,30
TUV Rheinland of North America,3.3,1,Littleton,MA,90.5,115,30+
Syniverse,3.0,1,,,105,133,8
Humanity,4.2,1,Newcastle,WA,86.6,110,13
Aptive,3.6,1,,,,,19
"Amazon Web Services, Inc.",3.4,0,Austin,TX,,,30+
Advance Infotech,,1,,,,,5
Federal Reserve Bank of Philadelphia,4.2,1,,,72.6,92,12
State Street,3.5,0,Phoenix,AZ,74.5,94.3,30+
TUV Rheinland of North America,3.3,1,Littleton,MA,90.5,115,30+
MGM Resorts International,3.9,0,,,,,22
Florida Blue,3.9,1,,,91.3,116,30
Experfy Inc,,1,,,88.8,112,30+
WELLS FARGO BANK,3.7,0,Dallas,TX,,,7
Unified Women's Healthcare,3.6,1,Florid,,82.5,104,9
Openpath Security Inc.,,0,,,99.4,126,2
Gemline,4.2,0,Lawrence,MA,,,2
SYSUSA,,1,,,82.7,105,2
Workrise,3.3,1,Austin,TX,85.8,109,30+
Texas State Technical College,4.0,0,Marshall,TX,,,14
Nexlogica,,1,,,,,13
Broadridge,3.6,1,Coppell,TX,,,30+
Tevora,,1,,,61.2,77.4,30+
Lone Star National Bank,3.5,0,Pharr,TX,76.5,96.9,30+
Spruce,3.5,2,Brooklyn,NY,,,2
VirginPulse,3.3,1,,,105,132,2
Brown University,4.3,0,Providence,RI,67.4,85.4,30+
PINGWIND INC,5.0,1,,,48.1,60.9,27
1 Point Systems,,1,,,,,20
Magna5 MS LLC,,1,,,63.5,80.5,30+
Physicians Mutual,3.4,0,Omaha,NE,63.5,80.5,27
Stellar Career College,,1,,,,,7
Maximus,3.2,1,,,,,
VMware,4.1,1,Austin,TX,82.9,105,7
Magellan Health,3.5,1,United State,,78.5,99.3,6
SYSUSA,,1,,,82.7,105,2
Workrise,3.3,1,Austin,TX,85.8,109,30+
Texas State Technical College,4.0,0,Marshall,TX,,,14
Nexlogica,,1,,,,,13
Broadridge,3.6,1,Coppell,TX,,,30+
Tevora,,1,,,61.2,77.4,30+
Lone Star National Bank,3.5,0,Pharr,TX,76.5,96.9,30+
Spruce,3.5,2,Brooklyn,NY,,,2
VirginPulse,3.3,1,,,105,132,2
Brown University,4.3,0,Providence,RI,67.4,85.4,30+
PINGWIND INC,5.0,1,,,48.1,60.9,27
Booz Allen Hamilton,3.9,0,Chantilly,VA,,,30+
Amazon.com Services LLC,3.5,0,Austin,TX,,,30+
General Dynamics Information Technology,3.7,1,Germantown,MD,,,6
"Amazon Web Services, Inc.",3.4,2,Austin,TX,,,30+
VMware,4.1,1,Philadelphia,PA,45.7,57.9,14
Tekrek solutions Inc,,1,,,83.1,105,3
HealthSherpa,4.3,1,,,98,124,22
"CGI Group, Inc.",3.6,1,Virgini,,,,
Amherst Holdings,3.2,1,,,80.7,102,30+
CROSSLINK Professional Tax Solutions,,0,Orlando,FL,69.5,88.1,1
ExtraHop,3.4,1,Seattle,WA,87.5,111,30+
Framingham State University,4.2,0,Framingham,MA,,,30
Superior Uniform Group,3.4,1,United State,,62,78.6,30+
JMark Services Inc.,4.2,0,Jb Pearl Harbor Hickam,HI,,,30+
Lam Research,3.7,1,,,,,30+
nFrastructure,3.8,1,Austin,TX,,,30
nFrastructure,3.8,1,Austin,TX,,,30
JMark Services Inc.,4.2,0,Jb Pearl Harbor Hickam,HI,,,30+
Lam Research,3.7,1,,,,,30+
Spectrum Brands,3.5,1,Austin,TX,110,139,15
University of Texas at Dallas,4.3,0,Richardson,TX,,,30+
Global Information Technology,4.1,1,,,84.1,106,30+
Contrast Security,,1,Los Altos,CA,91.7,116,7
Publix,4.0,0,Lakeland,FL,,,15
RSI Security,3.7,1,,,,,30+
Ground Effects Ltd.,3.0,0,,,90.4,114,1
Santa Clara Valley Transportation Authority,3.8,0,San Jose,CA,,,30+
US Bureau of Labor Statistics,4.2,0,Washington,DC,,,8
Braintrust,4.5,1,San Francisco,CA,,,19
Schellman & Company,4.5,1,,,68.7,87.1,30+
"Security Industry Specialists, Inc.",3.4,0,Austin,TX,,,30+
Hanford Mission Integration Solutions,,1,Richland,WA,94.2,119,30+
Micro Merchant Systems,2.0,1,,,,,30+
SHR,3.6,1,,,,,6
HP,3.9,0,Spring,TX,94.6,120,5
Concept Plus,3.8,1,Fairfax,VA,,,8
Brilliant Infotech,,1,,,,,
Akraya Inc.,3.6,1,Dulles,VA,81.5,103,28
Spartanburg Regional Healthcare System,3.9,0,Spartanburg,SC,46.9,59.3,12
Mercury Financial LLC,2.5,2,Austin,TX,113,143,30+
zvelo,,1,Denver,CO,,,7
AT&T,3.7,0,,,,,1
Smartiplace,,1,,,,,1
L3Harris Technologies,3.7,0,Greenville,TX,,,14
Freddie Mac,3.8,2,McLean,VA,76.1,96.3,
Flock Safety,3.0,1,Atlanta,GA,99.1,125,
Micro Merchant Systems,2.0,1,,,,,30+
SHR,3.6,1,,,,,6
HP,3.9,0,Spring,TX,94.6,120,5
Concept Plus,3.8,1,Fairfax,VA,,,8
Brilliant Infotech,,1,,,,,
Akraya Inc.,3.6,1,Dulles,VA,81.5,103,28
Spartanburg Regional Healthcare System,3.9,0,Spartanburg,SC,46.9,59.3,12
"Strategic Defense Solutions, LLC",,0,Warner Robins,GA,,,23
zvelo,,1,Denver,CO,,,7
Sonepar Management Group,3.2,1,Township of Hamilton,NJ,87.6,111,30+
AT&T,3.7,0,,,,,1
Smartiplace,,1,,,,,1
L3Harris Technologies,3.7,0,Greenville,TX,,,14
Freddie Mac,3.8,2,McLean,VA,76.1,96.3,
Flock Safety,3.0,1,Atlanta,GA,99.1,125,
DGN Technologies Inc,4.8,1,,,,,
Q6Cyber,,0,Miami,FL,55.9,70.7,30+
SpaceX,3.6,0,Redmond,WA,81.2,103,30+
Embry-Riddle,4.2,1,,,,,
Intelligent Transportation Systems,,0,Baton Rouge,LA,67.5,85.5,30+
,,1,,,94.6,120,30+
General Dynamics Information Technology,3.7,1,,,,,1
Deloitte,3.9,2,Austin,TX,88.9,113,30+
"NBTY, Inc.",3.8,0,San Diego,CA,,,4
Lawrence Livermore National Laboratory,4.2,0,Livermore,CA,,,
Texas A&M University- Central Texas,4.3,0,Killeen,TX,,,30+
Comcast,3.7,0,Philadelphia,PA,,,1
B&T Solutions LLC,,1,,,,,1
Solutions By Design II,3.7,1,,,83,105,15
"JPMorgan Chase Bank, N.A.",3.8,0,Plano,TX,,,4
Brilliant Infotech,,1,,,,,14
Fifth Third Bank,3.5,1,,,,,30+
DGN Technologies Inc,4.8,1,,,,,
Q6Cyber,,0,Miami,FL,55.9,70.7,30+
SpaceX,3.6,0,Redmond,WA,81.2,103,30+
Embry-Riddle,4.2,1,,,,,
Intelligent Transportation Systems,,0,Baton Rouge,LA,67.5,85.5,30+
,,1,,,94.6,120,30+
General Dynamics Information Technology,3.7,1,,,,,1
Deloitte,3.9,2,Austin,TX,88.9,113,30+
"NBTY, Inc.",3.8,0,San Diego,CA,,,4
Leidos,3.7,0,Huntsville,AL,,,30+
Texas A&M University- Central Texas,4.3,0,Killeen,TX,,,30+
Comcast,3.7,0,Philadelphia,PA,,,1
Lawrence Livermore National Laboratory,4.2,0,Livermore,CA,,,
"RELI Group, Inc.",3.1,1,,,,,5
Sandia National Laboratories,4.2,1,Livermore,CA,110,139,30+
Cardinal Health,3.4,1,Texa,,93.8,119,6
Fidelity Investments,4.0,3,Durham,NC,54.7,69.3,6
Google,4.3,0,Sunnyvale,CA,,,1
Honeywell,3.7,1,United State,,106,134,21
Global Payments,3.4,1,,,,,9
"Closedloop Communications, Inc.",,0,Hanover,MD,,,30+
HP,3.9,0,Spring,TX,50.7,64.1,6
Booz Allen Hamilton,3.9,1,McLean,VA,,,30+
"Evergreen Technologies, LLC.",,2,Irving,TX,114,144,9
NM Consulting,,1,,,,,12
Sutter Health,3.9,0,Sacramento,CA,108,136,30+
SpaceX,3.6,0,Seattle,WA,82.7,105,30+
RISCPoint Advisory Group,,1,,,56.1,71.1,
Global Payments,3.4,1,,,,,9
"Closedloop Communications, Inc.",,0,Hanover,MD,,,30+
HP,3.9,0,Spring,TX,50.7,64.1,6
Booz Allen Hamilton,3.9,1,McLean,VA,,,30+
"Evergreen Technologies, LLC.",,2,Irving,TX,114,144,9
NM Consulting,,1,,,,,12
RISCPoint Advisory Group,,1,,,56.1,71.1,
Sutter Health,3.9,0,Sacramento,CA,108,136,30+
SpaceX,3.6,0,Seattle,WA,82.7,105,30+
Human Interest,,1,San Francisco,CA,,,27
CAE Inc.,3.6,0,Arlington,TX,62,78.4,30+
Booz Allen Hamilton,3.9,0,McLean,VA,,,13
Morehouse School Of Medicine,3.4,0,Atlanta,GA,55.9,70.7,9
New Jersey Resources,4.3,0,Wall,NJ,64.7,81.9,30+
T-Mobile,3.8,0,Atlanta,GA,,,1
New Jersey Resources,4.3,0,Wall,NJ,64.7,81.9,30+
Takeda Pharmaceutical,3.7,2,Boston,MA,,,30+
Navitus Health Solutions LLC,3.2,1,Appleton,WI,,,30+
Baldwin Risk Partners,,1,,,89.2,113,30+
Aerowi Solutions,,1,,,,,
"SunPlus Data Group, Inc.",3.7,0,Columbia,SC,,,30+
Metropolitan Transportation Authority,4.0,0,Manhattan,NY,,,30+
Enterprise Risk Management,4.0,0,Miami,FL,80.1,101,5
Sensei Enterprises,,0,Fairfax,VA,63.5,80.5,30+
TikTok,3.3,0,Washington,DC,81.1,103,30+
Tridiuum,,1,,,95.9,121,28
TorchLight,,1,,,,,8
San Antonio Water System,3.6,0,San Antonio,TX,,,30+
Converged Security Solutions,,1,United State,,101,128,21
Oregon State Lottery,,1,,,,,1
Hitachi Energy,3.9,0,Atlanta,GA,81,103,15
National Football League,4.4,0,Mount Laurel,NJ,94.6,120,6
Southern Nazarene University,3.7,0,Bethany,OK,,,23
Newell Brands,3.4,0,Atlanta,GA,,,7
Toyota,4.0,0,Plano,TX,,,22
Buchanan Technologies,3.4,1,,,,,16
Sekon,4.4,1,Rosslyn,VA,98.1,124,7
RECUR,2.0,1,Austin,TX,101,128,30+
Credit Union of Denver,3.8,0,Lakewood,CO,,,23
Shutterfly,3.6,1,,,,,
Tista Science and Technology Corporation,3.7,1,,,90.3,114,8
Hinds Community College,4.5,0,Raymond,MS,,,1
Mercy,3.6,1,St. Louis,MO,68.6,86.8,4
laiba Techologies,,0,Morrisville,NC,,,1
Snowflake,,1,,,,,15
Tevora,,1,,,,,30+
Operations,,1,Chantilly,VA,,,30+
Outrigger Hospitality Group,4.0,0,Honolulu,HI,62.6,79.2,8
SYSUSA Inc.,,1,,,73.9,93.5,2
Bear Flag Robotics,,1,,,115,145,30+
News Corp,3.8,1,New York,NY,95.4,121,30+
PINGWIND INC,5.0,1,,,88.3,112,22
Sheetz,3.8,0,Claysburg,PA,,,29
Neogen,2.6,1,,,58.4,74,20
FinTrust Connect,,2,College Station,TX,,,1
Manufacturers Bank,3.6,1,Los Angeles,CA,115,145,30+
"Falconwood, Inc.",3.8,0,Norfolk,VA,79.3,100,7
Trading Technologies,3.6,0,Chicago,IL,87.5,111,30+
Tharseo IT,,1,,,,,2
PepsiCo,3.8,0,Plano,TX,,,10
Sheetz,3.8,0,Claysburg,PA,,,29
Neogen,2.6,1,,,58.4,74,20
National Security Agency,4.1,0,Fort Meade,MD,,,10
Manufacturers Bank,3.6,1,Los Angeles,CA,115,145,30+
"Falconwood, Inc.",3.8,0,Norfolk,VA,79.3,100,7
PepsiCo,3.8,0,Plano,TX,,,10
Trading Technologies,3.6,0,Chicago,IL,87.5,111,30+
Tharseo IT,,1,,,,,2
Set Solutions,4.6,1,,,,,2
Saransh,,0,Plainsboro,NJ,82.6,105,30+
TMC TECHNOLOGIES,4.5,0,Montpelier,MD,60.5,76.5,6
Freddie Mac,3.8,0,Dallas,TX,90.5,115,30+
Fortress Information Security,4.3,1,Orlando,FL,,,
SpanIdea Systems,,0,San Jose,CA,,,1
CrowdStrike,3.3,1,Santa Clara,CA,,,21
Kaygen,3.4,1,,,,,7
Demant,,1,,,,,2
The University of Mississippi,4.4,0,University,MS,,,30+
Raytheon Missiles & Defense,3.7,0,Tewksbury,MA,,,7
HELM,4.0,1,,,,,1
Secured Cyber,,2,Sterling,VA,,,30+
V2Soft,3.5,0,Raleigh,NC,,,2
BTI Solutions,2.4,0,Austin,TX,86.8,110,30+
Openpath Security Inc.,,0,,,94.5,120,2
TikTok,3.3,0,Mountain View,CA,105,133,30+
Emporia State University,4.4,0,Emporia,KS,,,30+
AMERICAN CANCER SOCIETY,3.9,1,Atlanta,GA,,,1
Summa Health,3.5,1,Akron,OH,,,30+
US Citizenship and Immigration Services,3.5,0,Camp Springs,MD,,,3
Kyndryl,3.6,1,,,,,3
Volto USA,,0,Sunnyvale,CA,,,1
Republic National Distributing Company,3.4,0,Atlanta,GA,,,14
FlexIT Inc,,0,Beaverton,OR,82.3,104,30+
Files.com,,1,,,107,136,30+
FS-ISAC,,0,Reston,VA,77.2,97.8,30+
nLeague services Inc.,,1,,,,,8
Tesla,3.4,0,Palo Alto,CA,,,30+
Orion Inc.,,1,,,109,138,30+
Recorded Future,,1,Boston,MA,,,8
Apple,4.1,0,Austin,TX,,,2
Ora Apps,,1,,,,,10
Alert Logic,3.1,1,Houston,TX,,,30+
Sawyers & Jacobs LLC,,0,Rogers,AR,68.2,86.4,2
QuikTrip,4.0,0,Tulsa,OK,,,9
Blizzard Entertainment,3.9,0,Irvine,CA,90.6,115,23
Alert Logic,3.1,1,Houston,TX,,,30+
Blizzard Entertainment,3.9,0,Irvine,CA,90.6,115,23
Sawyers & Jacobs LLC,,0,Rogers,AR,68.2,86.4,2
QuikTrip,4.0,0,Tulsa,OK,,,9
ics global soft inc,,1,,,,,
"Hyatt Corporate Office, Chicago",,1,Chicago,IL,88.9,113,19
Zigabyte Corporation,,1,Montgomery,AL,75.6,95.8,9
Amivero,4.8,1,,,92.8,118,13
TAA Solutions LLC,,1,,,98.2,124,30+
ApprenTek Technology Solutions,,1,United State,,90.7,115,30+
Palo Alto Networks,3.9,1,Santa Clara,CA,,,2
Cyderes,,1,,,90.3,114,30+
Steward Health Care,2.7,1,,,,,30+
"Advanced Micro Devices, Inc.",3.8,0,Austin,TX,,,30+
AOI Today,,1,,,,,1
Lumen,3.5,1,,,,,13
Navy Federal Credit Union,3.9,0,Pensacola,FL,,,6
Citizens,3.4,0,Johnston,RI,,,
Gemline,4.2,0,Lawrence,MA,,,2
Peraton,3.3,0,Arlington,VA,,,19
Federal Reserve Bank of Richmond,3.5,1,,,,,30+
Webster University,4.1,0,Orlando,FL,,,15
The Josef Group Inc.,,0,Annapolis Junction,MD,,,8
Liberty Mutual Insurance,3.6,0,Portsmouth,NH,,,22
ManTech International Corporation,3.9,0,Hanscom AFB,MA,112,142,30+
Chevo Consulting,3.9,2,Washington,DC,,,20
Capital BlueCross,3.5,1,,,96.1,122,30+
Peraton,3.3,0,Beltsville,MD,,,26
Donnelly & Moore Corporation,,2,New York,NY,,,9
ManTech International Corporation,3.9,0,Annapolis Junction,MD,110,139,30+
Ledgent Technology,3.9,1,Portland,OR,,,2
Audible,4.1,3,Newark,NJ,153,194,3
Insight Global,3.9,1,Hollywood,FL,,,
Apex Systems,3.7,1,Minneapolis,MN,,,27
Southeastern Comp Consultants Inc,,0,King George,VA,90.5,115,30+
CoreCivic,2.9,0,Brentwood,TN,,,
United Wholesale Mortgage,3.0,0,Pontiac,MI,73.9,93.5,30+
KnowBe4,4.5,0,Clearwater,FL,85,108,30+
Mainstreet Credit Union,2.5,0,Lenexa,KS,,,14
Alaka`ina Foundation Family of Companies,3.3,0,Honolulu,HI,86.8,110,30+
Leidos,3.7,2,Washington,DC,,,20
BAE Systems,3.8,0,Annapolis Junction,MD,,,30+
Capital One,3.9,0,Richmond,VA,116,147,3
CSAA Insurance Group,3.3,2,Glendale,AZ,,,19
Capital One,3.9,0,Richmond,VA,104,131,2
Northrop Grumman,4.0,0,Northridge,CA,,,6
BAE Systems,3.8,0,Annapolis Junction,MD,,,30+
"CGI Group, Inc.",3.6,0,Fairfax,VA,,,30+
USAA,3.8,2,San Antonio,TX,,,3
TEKsystems,3.9,0,Alexandria,VA,,,6
Vaco,3.7,1,,,,,27
"Baker Tilly US, LLP",3.8,0,Plano,TX,100,127,30+
DTCC,3.7,2,Dallas,TX,104,131,22
Raytheon Intelligence & Space,3.9,0,Largo,FL,,,30+
Peraton,3.3,0,Fort Meade,MD,,,7
Clinical Management Consultants,4.1,0,Pacific Grove,CA,,,2
Discover,3.8,0,Riverwoods,IL,81.4,103,9
Envision,3.6,1,,,,,30+
WEST VIRGINIA JUNIOR COLLEGE,,0,Morgantown,WV,37.9,48.1,30+
CyberCoders,3.7,0,Denver,CO,,,1
Sierra Nevada Corporation,3.6,0,Sparks,NV,,,8
Robert Half,3.9,0,North Bethesda,MD,,,15
Sierra Nevada Corporation,3.6,0,Englewood,CO,,,30+
Oxford Global Resources,3.6,0,Gainesville,FL,,,3
EY,4.0,0,Hoboken,NJ,,,27
Uber,3.6,0,Seattle,WA,109,138,30+
MUFG,3.4,1,Columbus,OH,110,139,30+
Insight Global,3.9,2,Boston,MA,,,5
Northrop Grumman,4.0,0,Colorado Springs,CO,,,30+
Pennex Aluminum Company,3.1,0,Leetonia,OH,66.1,83.7,24
General Dynamics,3.8,0,Doral,FL,125,158,30+
Resiliency LLC,4.8,0,Dallas,TX,108,137,30+
Liberty Personnel Services,4.5,2,Charlotte,NC,,,30+
Wolf & Company PC,3.6,0,New York,NY,83.9,106,21
Caribou Thunder,5.0,0,Colorado Springs,CO,,,30+
Sentara Healthcare,3.8,0,Virginia Beach,VA,,,30+
Acara Solutions,3.1,0,San Diego,CA,,,22
Janus Henderson,3.7,2,Chicago,IL,,,29
University Hospitals,3.9,0,Shaker Heights,OH,,,30+
Robert Half,3.9,0,Greeley,CO,,,9
VanderHouwen,3.9,0,Tigard,OR,,,12
Gables Search Group,5.0,0,Houston,TX,,,16
Citi,3.9,0,New York,NY,,,3
Fast Switch,4.5,0,Columbus,OH,109,138,30+
Apex Systems,3.7,1,Indianapolis,IN,,,30+
GovCIO,,2,Fairfax,VA,,,8
TEKsystems,3.9,0,Agoura Hills,CA,,,12
"The Staffing Resource Group, Inc",,0,Aberdeen,MD,,,30+
ITAC Solutions,4.1,0,Birmingham,AL,97.3,123,30+
Stellantis Financial Services US,,0,Atlanta,GA,98.4,125,14
Janus Henderson,3.7,2,Denver,CO,,,30+
Oculus Search Partners LLC,,0,Salisbury,MD,93.7,119,8
Hillenbrand,3.5,2,Batesville,IN,,,14
Wintrust Financial,3.5,2,Rosemont,IL,,,30+
AccruePartners,4.3,0,Charlotte,NC,83.5,106,8
Vaco,3.7,0,Detroit,MI,,,23
Talent Search PRO,,0,Dulles,VA,,,30+
Oculus Search Partners LLC,,0,Cleveland,OH,60.9,77.1,30+
Apex Systems,3.7,0,Offutt AFB,NE,,,30+
Liberty Personnel Services,4.5,2,Charlotte,NC,,,30+
BAE Systems,3.8,0,Hill AFB,UT,,,30+
"Warehouse Services, Inc.",3.1,0,Piedmont,SC,60.8,77,21
Bread Financial,3.6,1,,,,,8
HM Health Solutions,2.7,0,,,,,29
"Pasona N A, Inc.",4.0,0,New York,NY,,,19
Wolf & Company PC,3.6,0,Livingston,NJ,79.6,101,21
Tandym Group,3.8,1,New York,NY,116,147,27
Citi,3.9,0,Tampa,FL,,,3
GovCIO,,0,Rockville,MD,,,30+
Belcan,3.5,0,Pittsfield,MA,120,152,21
Criterion Executive Search,3.4,0,Tampa,FL,,,30+
"TAD PGS, Inc",4.2,0,Chicago,IL,,,2
"The Staffing Resource Group, Inc",,0,Hurlburt Field,FL,,,6
Resiliency LLC,4.8,0,Boston,MA,127,161,30+
